Reference Year,Local government,Waste & Resource Recovery Group (WRRG),Annual tonnes Collected,Annual tonnes Collected.1,Annual tonnes  Processed / sorted,Annual tonnes Collected.2,Annual tonnes  Processed,Total Annual tonnes Collected,Total Annual Tonnes Processed / sorted
2001-2002,Banyule City Council,Metropolitan ," 19,134 "," 10,872 "," 10,231 "," 6,517 "," 6,517 "," 36,523 "," 16,748 "
2001-2002,Bayside City Council,Metropolitan ," 22,180 "," 8,005 "," 7,749 "," 7,800 "," 7,800 "," 37,985 "," 15,549 "
2001-2002,Boroondara City Council,Metropolitan ," 38,107 "," 16,749 "," 16,023 "," 9,129 "," 9,129 "," 63,985 "," 25,152 "
2001-2002,Brimbank City Council,Metropolitan ," 41,550 "," 9,886 "," 9,886 "," 2,200 "," 2,200 "," 53,636 "," 12,086 "
2001-2002,Cardinia Shire Council,Metropolitan ," 8,600 "," 4,080 "," 2,938 ", 59 , 59 ," 12,739 "," 2,997 "
2001-2002,Casey City Council,Metropolitan ," 38,533 "," 14,636 "," 12,552 "," 7,059 "," 7,059 "," 60,228 "," 19,611 "
2001-2002,Darebin City Council,Metropolitan ," 27,180 "," 10,585 "," 10,270 "," 5,198 "," 5,198 "," 42,963 "," 15,468 "
2001-2002,Frankston City Council,Metropolitan ," 18,495 "," 8,817 "," 8,442 ", -   , -   ," 27,312 "," 8,442 "
2001-2002,Glen Eira City Council,Metropolitan ," 41,249 "," 7,785 "," 7,696 "," 2,500 "," 2,182 "," 51,534 "," 9,878 "
2001-2002,Greater Dandenong City Council,Metropolitan ," 31,822 "," 11,191 "," 8,447 ", 382 , 382 ," 43,395 "," 8,829 "
2001-2002,Hobsons Bay City Council,Metropolitan ," 19,823 "," 6,497 "," 6,293 "," 2,269 "," 2,269 "," 28,589 "," 8,562 "
2001-2002,Hume City Council,Metropolitan ," 38,382 "," 6,155 "," 6,091 ", -   , -   ," 44,537 "," 6,091 "
2001-2002,Kingston City Council,Metropolitan ," 27,623 "," 13,111 "," 12,760 "," 10,667 "," 10,667 "," 51,401 "," 23,427 "
2001-2002,Knox City Council,Metropolitan ," 22,500 "," 12,719 "," 11,894 "," 11,500 "," 11,500 "," 46,719 "," 23,394 "
2001-2002,Manningham City Council,Metropolitan ," 21,302 "," 10,543 "," 10,016 "," 12,544 "," 12,544 "," 44,389 "," 22,560 "
2001-2002,Maribyrnong City Council,Metropolitan ," 15,900 "," 5,010 "," 4,860 ", 993 , 993 ," 21,903 "," 5,853 "
2001-2002,Maroondah City Council,Metropolitan ," 17,649 "," 9,745 "," 9,311 "," 12,411 "," 12,287 "," 39,805 "," 21,598 "
2001-2002,Melbourne City Council,Metropolitan ," 14,317 "," 2,590 "," 2,509 ", -   , -   ," 16,907 "," 2,509 "
2001-2002,Melton Shire Council,Metropolitan ," 12,709 "," 4,147 "," 3,343 ", -   , -   ," 16,856 "," 3,343 "
2001-2002,Monash City Council,Metropolitan ," 48,914 "," 11,495 "," 10,920 "," 5,411 "," 5,411 "," 65,820 "," 16,331 "
2001-2002,Moonee Valley City Council,Metropolitan ," 35,620 "," 6,572 "," 6,440 ", 562 , 562 ," 42,754 "," 7,002 "
2001-2002,Moreland City Council,Metropolitan ," 28,611 "," 11,892 "," 10,497 "," 5,514 "," 5,514 "," 46,017 "," 16,011 "
2001-2002,Mornington Peninsula Shire Council,Metropolitan ," 46,555 "," 9,826 "," 9,826 ", -   , -   ," 56,381 "," 9,826 "
2001-2002,Nillumbik Shire Council,Metropolitan ," 8,250 "," 5,591 "," 5,380 "," 1,203 "," 1,203 "," 15,044 "," 6,583 "
2001-2002,Port Phillip City Council,Metropolitan ," 19,047 "," 8,610 "," 8,223 ", 90 , 90 ," 27,747 "," 8,313 "
2001-2002,Stonnington City Council,Metropolitan ," 21,600 "," 9,714 "," 9,581 "," 2,400 "," 2,400 "," 33,714 "," 11,981 "
2001-2002,Whitehorse City Council,Metropolitan ," 32,500 "," 12,751 "," 12,644 "," 2,399 "," 2,399 "," 47,650 "," 15,043 "
2001-2002,Whittlesea City Council,Metropolitan ," 23,426 "," 8,693 "," 7,982 ", -   , -   ," 32,119 "," 7,982 "
2001-2002,Wyndham City Council,Metropolitan ," 20,779 "," 5,347 "," 5,347 ", 166 , 166 ," 26,292 "," 5,513 "
2001-2002,Yarra City Council,Metropolitan ," 13,006 "," 6,696 "," 6,419 ", 231 , 231 ," 19,933 "," 6,650 "
2001-2002,Yarra Ranges Shire Council,Metropolitan ," 28,978 "," 10,222 "," 8,372 "," 1,072 "," 1,072 "," 40,272 "," 9,444 "
2002-2003,Banyule City Council,Metropolitan ," 18,814 "," 10,950 "," 10,400 "," 5,308 "," 5,308 "," 35,072 "," 15,708 "
2002-2003,Bayside City Council,Metropolitan ," 20,810 "," 7,764 "," 7,565 "," 6,700 "," 6,700 "," 35,274 "," 14,265 "
2002-2003,Boroondara City Council,Metropolitan ," 43,262 "," 15,751 "," 15,330 "," 9,675 "," 9,675 "," 68,688 "," 25,005 "
2002-2003,Brimbank City Council,Metropolitan ," 40,600 "," 10,568 "," 10,399 "," 1,560 "," 1,560 "," 52,728 "," 11,959 "
2002-2003,Cardinia Shire Council,Metropolitan ," 10,623 "," 3,087 "," 2,667 ", 50 , 50 ," 13,760 "," 2,717 "
2002-2003,Casey City Council,Metropolitan ," 35,567 "," 16,482 "," 14,221 "," 6,836 "," 6,836 "," 58,885 "," 21,057 "
2002-2003,Darebin City Council,Metropolitan ," 26,991 "," 11,381 "," 11,118 "," 4,466 "," 4,466 "," 42,838 "," 15,584 "
2002-2003,Frankston City Council,Metropolitan ," 18,742 "," 10,319 "," 8,687 "," 3,262 "," 3,262 "," 32,323 "," 11,949 "
2002-2003,Glen Eira City Council,Metropolitan ," 33,008 "," 9,965 "," 9,872 "," 1,800 "," 1,602 "," 44,773 "," 11,474 "
2002-2003,Greater Dandenong City Council,Metropolitan ," 31,145 "," 11,487 "," 9,615 ", -   , -   ," 42,632 "," 9,615 "
2002-2003,Hobsons Bay City Council,Metropolitan ," 19,251 "," 7,070 "," 6,832 "," 1,943 "," 1,943 "," 28,264 "," 8,775 "
2002-2003,Hume City Council,Metropolitan ," 32,000 "," 10,015 "," 9,741 "," 4,122 "," 4,122 "," 46,137 "," 13,863 "
2002-2003,Kingston City Council,Metropolitan ," 27,034 "," 13,280 "," 12,783 "," 10,266 "," 10,266 "," 50,580 "," 23,049 "
2002-2003,Knox City Council,Metropolitan ," 29,450 "," 13,747 "," 12,991 "," 12,000 "," 12,000 "," 55,197 "," 24,991 "
2002-2003,Manningham City Council,Metropolitan ," 21,148 "," 12,526 "," 11,675 "," 10,416 "," 10,416 "," 44,090 "," 22,091 "
2002-2003,Maribyrnong City Council,Metropolitan ," 16,312 "," 5,591 "," 5,591 ", 528 , 528 ," 22,431 "," 6,119 "
2002-2003,Maroondah City Council,Metropolitan ," 17,529 "," 10,205 "," 9,858 "," 11,137 "," 11,137 "," 38,871 "," 20,995 "
2002-2003,Melbourne City Council,Metropolitan ," 15,824 "," 3,451 "," 3,347 ", 24 , 24 ," 19,299 "," 3,371 "
2002-2003,Melton Shire Council,Metropolitan ," 15,060 "," 5,520 "," 4,791 ", -   , -   ," 20,580 "," 4,791 "
2002-2003,Monash City Council,Metropolitan ," 35,042 "," 15,257 "," 14,952 "," 18,268 "," 18,268 "," 68,567 "," 33,220 "
2002-2003,Moonee Valley City Council,Metropolitan ," 37,380 "," 7,895 "," 7,401 ", 222 , 222 ," 45,497 "," 7,623 "
2002-2003,Moreland City Council,Metropolitan ," 28,175 "," 12,842 "," 11,518 "," 5,304 "," 5,304 "," 46,321 "," 16,822 "
2002-2003,Mornington Peninsula Shire Council,Metropolitan ," 38,227 "," 13,990 "," 13,682 ", 353 , 353 ," 52,570 "," 14,035 "
2002-2003,Nillumbik Shire Council,Metropolitan ," 8,800 "," 6,481 "," 6,481 "," 3,300 "," 3,300 "," 18,581 "," 9,781 "
2002-2003,Port Phillip City Council,Metropolitan ," 18,763 "," 8,983 "," 8,582 ", 110 , 110 ," 27,856 "," 8,692 "
2002-2003,Stonnington City Council,Metropolitan ," 20,540 "," 10,466 "," 10,313 "," 1,200 "," 1,200 "," 32,206 "," 11,513 "
2002-2003,Whitehorse City Council,Metropolitan ," 30,373 "," 13,811 "," 13,658 "," 2,330 "," 2,330 "," 46,514 "," 15,988 "
2002-2003,Whittlesea City Council,Metropolitan ," 23,444 "," 9,760 "," 8,917 "," 1,883 "," 1,883 "," 35,087 "," 10,800 "
2002-2003,Wyndham City Council,Metropolitan ," 19,790 "," 7,105 "," 7,105 ", -   , -   ," 26,894 "," 7,105 "
2002-2003,Yarra City Council,Metropolitan ," 13,230 "," 7,099 "," 6,799 ", 212 , 212 ," 20,541 "," 7,011 "
2002-2003,Yarra Ranges Shire Council,Metropolitan ," 22,890 "," 10,130 "," 8,401 "," 1,391 "," 1,391 "," 34,411 "," 9,792 "
2003-2004,Banyule City Council,Metropolitan ," 19,482 "," 10,502 "," 9,868 "," 4,885 "," 4,885 "," 34,869 "," 14,753 "
2003-2004,Bayside City Council,Metropolitan ," 21,901 "," 8,943 "," 8,584 "," 6,954 "," 6,954 "," 37,798 "," 15,538 "
2003-2004,Boroondara City Council,Metropolitan ," 39,872 "," 17,847 "," 17,304 "," 11,937 "," 11,937 "," 69,656 "," 29,241 "
2003-2004,Brimbank City Council,Metropolitan ," 42,078 "," 9,884 "," 9,884 ", 488 , 488 ," 52,450 "," 10,372 "
2003-2004,Cardinia Shire Council,Metropolitan ," 11,936 "," 4,242 "," 3,606 ", 47 , 47 ," 16,226 "," 3,653 "
2003-2004,Casey City Council,Metropolitan ," 36,497 "," 18,942 "," 17,048 "," 8,125 "," 8,125 "," 63,564 "," 25,173 "
2003-2004,Darebin City Council,Metropolitan ," 25,499 "," 12,872 "," 11,189 "," 4,562 "," 4,562 "," 42,933 "," 15,751 "
2003-2004,Frankston City Council,Metropolitan ," 19,250 "," 13,374 "," 10,954 "," 6,383 "," 6,383 "," 39,007 "," 17,337 "
2003-2004,Glen Eira City Council,Metropolitan ," 39,001 "," 11,372 "," 11,372 "," 2,326 "," 2,326 "," 52,699 "," 13,698 "
2003-2004,Greater Dandenong City Council,Metropolitan ," 27,353 "," 11,535 "," 8,536 "," 8,327 "," 4,643 "," 47,215 "," 13,179 "
2003-2004,Hobsons Bay City Council,Metropolitan ," 17,503 "," 7,561 "," 7,075 "," 2,976 "," 2,976 "," 28,040 "," 10,051 "
2003-2004,Hume City Council,Metropolitan ," 35,050 "," 13,600 "," 10,880 "," 1,710 "," 1,710 "," 50,360 "," 12,590 "
2003-2004,Kingston City Council,Metropolitan ," 27,091 "," 14,153 "," 13,627 "," 11,337 "," 11,095 "," 52,581 "," 24,722 "
2003-2004,Knox City Council,Metropolitan ," 29,080 "," 13,360 "," 12,657 "," 13,140 "," 13,140 "," 55,580 "," 25,797 "
2003-2004,Manningham City Council,Metropolitan ," 22,967 "," 11,129 "," 9,838 "," 11,731 "," 11,731 "," 45,827 "," 21,569 "
2003-2004,Maribyrnong City Council,Metropolitan ," 17,075 "," 5,938 "," 5,433 ", 524 , 524 ," 23,537 "," 5,957 "
2003-2004,Maroondah City Council,Metropolitan ," 19,944 "," 10,611 "," 9,980 "," 11,079 "," 11,079 "," 41,634 "," 21,059 "
2003-2004,Melbourne City Council,Metropolitan ," 17,740 "," 4,404 "," 4,324 ", 22 , 22 ," 22,167 "," 4,346 "
2003-2004,Melton Shire Council,Metropolitan ," 13,477 "," 6,579 "," 5,850 ", -   , -   ," 20,056 "," 5,850 "
2003-2004,Monash City Council,Metropolitan ," 34,039 "," 15,203 "," 14,982 "," 17,798 "," 17,798 "," 67,040 "," 32,780 "
2003-2004,Moonee Valley City Council,Metropolitan ," 34,565 "," 6,308 "," 5,684 ", 560 , 560 ," 41,433 "," 6,244 "
2003-2004,Moreland City Council,Metropolitan ," 28,387 "," 13,611 "," 11,937 "," 5,326 "," 5,326 "," 47,324 "," 17,263 "
2003-2004,Mornington Peninsula Shire Council,Metropolitan ," 32,824 "," 14,340 "," 14,340 ", 534 , 534 ," 47,698 "," 14,874 "
2003-2004,Nillumbik Shire Council,Metropolitan ," 3,645 "," 5,948 "," 5,948 "," 6,289 "," 1,442 "," 15,882 "," 7,390 "
2003-2004,Port Phillip City Council,Metropolitan ," 18,740 "," 9,269 "," 8,853 ", 130 , 130 ," 28,139 "," 8,983 "
2003-2004,Stonnington City Council,Metropolitan ," 22,038 "," 9,961 "," 9,818 "," 1,900 "," 1,900 "," 33,899 "," 11,718 "
2003-2004,Whitehorse City Council,Metropolitan ," 31,000 "," 13,790 "," 13,518 "," 1,100 "," 1,100 "," 45,890 "," 14,618 "
2003-2004,Whittlesea City Council,Metropolitan ," 23,991 "," 10,515 "," 9,067 "," 1,829 "," 1,829 "," 36,335 "," 10,896 "
2003-2004,Wyndham City Council,Metropolitan ," 20,000 "," 7,350 "," 6,744 "," 1,500 "," 1,500 "," 28,850 "," 8,244 "
2003-2004,Yarra City Council,Metropolitan ," 13,526 "," 7,432 "," 7,169 ", 67 , 67 ," 21,026 "," 7,236 "
2003-2004,Yarra Ranges Shire Council,Metropolitan ," 25,370 "," 10,589 "," 8,849 "," 1,250 "," 1,250 "," 37,209 "," 10,099 "
2004-2005,Banyule City Council,Metropolitan ," 18,744 "," 12,485 "," 11,113 "," 9,563 "," 9,563 "," 40,792 "," 20,676 "
2004-2005,Bayside City Council,Metropolitan ," 19,257 "," 12,267 "," 11,286 "," 8,231 "," 8,231 "," 39,755 "," 19,517 "
2004-2005,Boroondara City Council,Metropolitan ," 37,258 "," 20,673 "," 18,627 "," 13,050 "," 13,050 "," 70,981 "," 31,677 "
2004-2005,Brimbank City Council,Metropolitan ," 42,661 "," 12,136 "," 11,523 "," 1,325 "," 1,325 "," 56,122 "," 12,847 "
2004-2005,Cardinia Shire Council,Metropolitan ," 13,165 "," 5,354 "," 4,746 ", 50 , 50 ," 18,569 "," 4,796 "
2004-2005,Casey City Council,Metropolitan ," 38,250 "," 20,031 "," 17,757 "," 22,784 "," 22,784 "," 81,065 "," 40,541 "
2004-2005,Darebin City Council,Metropolitan ," 24,530 "," 13,651 "," 12,102 "," 3,701 "," 3,701 "," 41,882 "," 15,803 "
2004-2005,Frankston City Council,Metropolitan ," 19,880 "," 14,986 "," 12,018 "," 7,914 "," 7,914 "," 42,780 "," 19,932 "
2004-2005,Glen Eira City Council,Metropolitan ," 39,198 "," 11,900 "," 11,900 "," 2,670 "," 2,670 "," 53,768 "," 14,570 "
2004-2005,Greater Dandenong City Council,Metropolitan ," 25,718 "," 11,700 "," 10,372 "," 13,786 "," 6,104 "," 51,204 "," 16,476 "
2004-2005,Hobsons Bay City Council,Metropolitan ," 16,936 "," 9,617 "," 8,656 "," 4,648 "," 4,648 "," 31,201 "," 13,304 "
2004-2005,Hume City Council,Metropolitan ," 30,285 "," 15,481 "," 10,501 "," 3,434 "," 3,434 "," 49,200 "," 13,935 "
2004-2005,Kingston City Council,Metropolitan ," 27,490 "," 15,277 "," 14,238 "," 12,631 "," 12,431 "," 55,398 "," 26,669 "
2004-2005,Knox City Council,Metropolitan ," 30,677 "," 13,235 "," 12,937 "," 14,472 "," 14,472 "," 58,384 "," 27,409 "
2004-2005,Manningham City Council,Metropolitan ," 23,302 "," 11,629 "," 10,766 "," 12,400 "," 12,400 "," 47,332 "," 23,166 "
2004-2005,Maribyrnong City Council,Metropolitan ," 18,176 "," 5,976 "," 5,976 ", 463 , 463 ," 24,616 "," 6,440 "
2004-2005,Maroondah City Council,Metropolitan ," 21,718 "," 11,013 "," 10,445 "," 13,348 "," 13,348 "," 46,079 "," 23,793 "
2004-2005,Melbourne City Council,Metropolitan ," 17,614 "," 2,767 "," 2,463 ", 28 , 28 ," 20,409 "," 2,491 "
2004-2005,Melton Shire Council,Metropolitan ," 13,075 "," 7,415 "," 6,681 "," 3,133 "," 3,133 "," 23,623 "," 9,814 "
2004-2005,Monash City Council,Metropolitan ," 29,339 "," 16,298 "," 16,150 "," 19,513 "," 19,513 "," 65,150 "," 35,663 "
2004-2005,Moonee Valley City Council,Metropolitan ," 28,000 "," 11,300 "," 10,193 "," 3,320 "," 3,320 "," 42,620 "," 13,513 "
2004-2005,Moreland City Council,Metropolitan ," 28,575 "," 14,155 "," 12,614 "," 6,763 "," 6,763 "," 49,493 "," 19,377 "
2004-2005,Mornington Peninsula Shire Council,Metropolitan ," 19,500 "," 15,802 "," 15,042 ", 169 , 169 ," 35,471 "," 15,211 "
2004-2005,Nillumbik Shire Council,Metropolitan ," 4,400 "," 6,970 "," 6,280 "," 6,326 "," 1,898 "," 17,696 "," 8,178 "
2004-2005,Port Phillip City Council,Metropolitan ," 20,000 "," 10,972 "," 10,481 ", 308 , 308 ," 31,280 "," 10,789 "
2004-2005,Stonnington City Council,Metropolitan ," 23,153 "," 11,854 "," 11,481 "," 2,363 "," 2,363 "," 37,370 "," 13,844 "
2004-2005,Whitehorse City Council,Metropolitan ," 32,590 "," 15,489 "," 15,086 "," 2,200 "," 2,200 "," 50,279 "," 17,286 "
2004-2005,Whittlesea City Council,Metropolitan ," 27,557 "," 12,176 "," 10,958 "," 2,476 "," 2,476 "," 42,209 "," 13,435 "
2004-2005,Wyndham City Council,Metropolitan ," 23,980 "," 10,760 "," 9,873 "," 1,868 "," 1,700 "," 36,608 "," 11,573 "
2004-2005,Yarra City Council,Metropolitan ," 12,990 "," 8,505 "," 7,778 ", 234 , 234 ," 21,729 "," 8,012 "
2004-2005,Yarra Ranges Shire Council,Metropolitan ," 27,409 "," 14,256 "," 9,614 "," 1,329 "," 1,329 "," 42,994 "," 10,943 "
2005-2006,Banyule City Council,Metropolitan ," 19,374 "," 14,294 "," 12,636 "," 9,571 "," 9,571 "," 43,239 "," 22,207 "
2005-2006,Bayside City Council,Metropolitan ," 19,400 "," 12,600 "," 11,718 "," 8,454 "," 8,454 "," 40,454 "," 20,172 "
2005-2006,Boroondara City Council,Metropolitan ," 36,889 "," 22,904 "," 20,637 "," 15,453 "," 15,453 "," 75,246 "," 36,090 "
2005-2006,Brimbank City Council,Metropolitan ," 37,145 "," 16,020 "," 13,847 "," 8,606 "," 8,606 "," 61,771 "," 22,453 "
2005-2006,Cardinia Shire Council,Metropolitan ," 13,560 "," 5,681 "," 4,980 ", 50 , 50 ," 19,291 "," 5,030 "
2005-2006,Casey City Council,Metropolitan ," 38,154 "," 22,930 "," 20,328 "," 23,905 "," 23,905 "," 84,989 "," 44,233 "
2005-2006,Darebin City Council,Metropolitan ," 24,916 "," 14,524 "," 12,730 "," 8,289 "," 8,289 "," 47,729 "," 21,019 "
2005-2006,Frankston City Council,Metropolitan ," 20,356 "," 15,808 "," 12,705 "," 7,953 "," 7,953 "," 44,117 "," 20,658 "
2005-2006,Glen Eira City Council,Metropolitan ," 40,052 "," 11,830 "," 10,647 "," 2,866 "," 2,866 "," 54,748 "," 13,513 "
2005-2006,Greater Dandenong City Council,Metropolitan ," 25,598 "," 9,164 "," 8,248 "," 13,492 "," 10,426 "," 48,254 "," 18,674 "
2005-2006,Hobsons Bay City Council,Metropolitan ," 15,842 "," 9,900 "," 8,911 "," 5,099 "," 5,099 "," 30,842 "," 14,010 "
2005-2006,Hume City Council,Metropolitan ," 32,530 "," 15,784 "," 12,395 "," 3,422 "," 3,422 "," 51,736 "," 15,817 "
2005-2006,Kingston City Council,Metropolitan ," 27,638 "," 16,429 "," 15,608 "," 13,075 "," 12,910 "," 57,142 "," 28,518 "
2005-2006,Knox City Council,Metropolitan ," 30,516 "," 13,894 "," 13,581 "," 15,114 "," 15,114 "," 59,524 "," 28,695 "
2005-2006,Manningham City Council,Metropolitan ," 22,397 "," 11,895 "," 10,718 "," 12,561 "," 12,561 "," 46,853 "," 23,279 "
2005-2006,Maribyrnong City Council,Metropolitan ," 16,800 "," 6,248 "," 5,181 ", 92 , 92 ," 23,140 "," 5,273 "
2005-2006,Maroondah City Council,Metropolitan ," 18,586 "," 11,650 "," 11,067 "," 12,688 "," 12,688 "," 42,923 "," 23,755 "
2005-2006,Melbourne City Council,Metropolitan ," 15,370 "," 5,812 "," 5,600 ", 33 , 33 ," 21,215 "," 5,633 "
2005-2006,Melton Shire Council,Metropolitan ," 14,389 "," 8,049 "," 7,252 "," 3,894 "," 3,894 "," 26,332 "," 11,146 "
2005-2006,Monash City Council,Metropolitan ," 30,136 "," 16,417 "," 16,171 "," 19,871 "," 19,700 "," 66,424 "," 35,871 "
2005-2006,Moonee Valley City Council,Metropolitan ," 23,895 "," 12,915 "," 11,790 "," 4,521 "," 4,521 "," 41,331 "," 16,311 "
2005-2006,Moreland City Council,Metropolitan ," 28,251 "," 15,298 "," 13,369 "," 6,921 "," 6,921 "," 50,470 "," 20,290 "
2005-2006,Mornington Peninsula Shire Council,Metropolitan ," 28,080 "," 19,188 "," 18,036 ", 640 , 640 ," 47,908 "," 18,676 "
2005-2006,Nillumbik Shire Council,Metropolitan ," 4,953 "," 6,828 "," 5,872 "," 6,543 "," 5,562 "," 18,324 "," 11,434 "
2005-2006,Port Phillip City Council,Metropolitan ," 20,000 "," 11,346 "," 10,438 ", 110 , 110 ," 31,456 "," 10,548 "
2005-2006,Stonnington City Council,Metropolitan ," 22,692 "," 12,402 "," 11,958 "," 2,469 "," 2,469 "," 37,563 "," 14,427 "
2005-2006,Whitehorse City Council,Metropolitan ," 30,301 "," 17,496 "," 15,887 "," 1,740 "," 1,740 "," 49,537 "," 17,627 "
2005-2006,Whittlesea City Council,Metropolitan ," 26,073 "," 13,013 "," 10,645 "," 2,298 "," 2,298 "," 41,384 "," 12,943 "
2005-2006,Wyndham City Council,Metropolitan ," 21,300 "," 11,773 "," 10,715 "," 1,304 "," 1,304 "," 34,377 "," 12,019 "
2005-2006,Yarra City Council,Metropolitan ," 12,566 "," 8,817 "," 8,063 ", 206 , 206 ," 21,589 "," 8,269 "
2005-2006,Yarra Ranges Shire Council,Metropolitan ," 26,124 "," 16,650 "," 10,799 "," 1,598 "," 1,598 "," 44,372 "," 12,397 "
2006-2007,Banyule City Council,Metropolitan ," 19,877 "," 14,774 "," 13,389 "," 8,232 "," 8,232 "," 42,883 "," 21,621 "
2006-2007,Bayside City Council,Metropolitan ," 18,990 "," 13,080 "," 12,670 "," 7,100 "," 7,100 "," 39,170 "," 19,770 "
2006-2007,Boroondara City Council,Metropolitan ," 36,536 "," 23,465 "," 22,057 "," 17,013 "," 17,013 "," 77,014 "," 39,070 "
2006-2007,Brimbank City Council,Metropolitan ," 35,088 "," 16,469 "," 14,724 "," 5,628 "," 5,628 "," 57,185 "," 20,352 "
2006-2007,Cardinia Shire Council,Metropolitan ," 13,304 "," 5,729 "," 5,079 ", 719 , 719 ," 19,752 "," 5,798 "
2006-2007,Casey City Council,Metropolitan ," 38,326 "," 23,854 "," 21,874 "," 19,722 "," 19,722 "," 81,901 "," 41,595 "
2006-2007,Darebin City Council,Metropolitan ," 24,286 "," 15,030 "," 13,174 "," 7,568 "," 7,568 "," 46,884 "," 20,742 "
2006-2007,Frankston City Council,Metropolitan ," 20,176 "," 15,939 "," 13,542 "," 7,273 "," 7,273 "," 43,389 "," 20,815 "
2006-2007,Glen Eira City Council,Metropolitan ," 35,089 "," 12,358 "," 11,926 "," 3,100 "," 3,100 "," 50,547 "," 15,026 "
2006-2007,Greater Dandenong City Council,Metropolitan ," 25,087 "," 12,365 "," 10,865 "," 11,535 "," 11,535 "," 48,987 "," 22,400 "
2006-2007,Hobsons Bay City Council,Metropolitan ," 17,606 "," 10,052 "," 9,741 "," 3,919 "," 3,919 "," 31,577 "," 13,660 "
2006-2007,Hume City Council,Metropolitan ," 37,874 "," 15,346 "," 12,822 "," 3,157 "," 3,157 "," 56,377 "," 15,979 "
2006-2007,Kingston City Council,Metropolitan ," 26,767 "," 16,867 "," 16,277 "," 11,347 "," 11,229 "," 54,982 "," 27,506 "
2006-2007,Knox City Council,Metropolitan ," 28,416 "," 16,165 "," 15,340 "," 15,413 "," 15,413 "," 59,994 "," 30,753 "
2006-2007,Manningham City Council,Metropolitan ," 21,317 "," 12,561 "," 11,317 "," 12,515 "," 12,515 "," 46,392 "," 23,832 "
2006-2007,Maribyrnong City Council,Metropolitan ," 16,000 "," 6,885 "," 5,425 "," 6,740 "," 6,740 "," 29,625 "," 12,165 "
2006-2007,Maroondah City Council,Metropolitan ," 17,729 "," 12,376 "," 11,757 "," 10,295 "," 10,295 "," 40,400 "," 22,052 "
2006-2007,Melbourne City Council,Metropolitan ," 16,707 "," 4,464 "," 4,146 ", 28 , 28 ," 21,199 "," 4,175 "
2006-2007,Melton Shire Council,Metropolitan ," 14,303 "," 8,569 "," 7,725 "," 2,794 "," 2,794 "," 25,667 "," 10,519 "
2006-2007,Monash City Council,Metropolitan ," 28,042 "," 17,590 "," 17,231 "," 18,045 "," 18,045 "," 63,677 "," 35,276 "
2006-2007,Moonee Valley City Council,Metropolitan ," 22,999 "," 12,888 "," 12,497 "," 5,496 "," 5,496 "," 41,383 "," 17,993 "
2006-2007,Moreland City Council,Metropolitan ," 27,180 "," 16,456 "," 13,327 "," 6,520 "," 6,320 "," 50,156 "," 19,647 "
2006-2007,Mornington Peninsula Shire Council,Metropolitan ," 27,500 "," 21,098 "," 18,567 ", 216 , 216 ," 48,814 "," 18,783 "
2006-2007,Nillumbik Shire Council,Metropolitan ," 5,940 "," 5,616 "," 5,168 "," 8,006 "," 8,006 "," 19,562 "," 13,174 "
2006-2007,Port Phillip City Council,Metropolitan ," 19,262 "," 11,912 "," 9,267 ", 118 , 118 ," 31,292 "," 9,385 "
2006-2007,Stonnington City Council,Metropolitan ," 21,597 "," 12,528 "," 12,091 "," 2,070 "," 2,070 "," 36,195 "," 14,161 "
2006-2007,Whitehorse City Council,Metropolitan ," 28,890 "," 18,860 "," 18,351 "," 2,900 "," 2,900 "," 50,650 "," 21,251 "
2006-2007,Whittlesea City Council,Metropolitan ," 29,776 "," 12,910 "," 11,026 "," 1,856 "," 1,856 "," 44,542 "," 12,882 "
2006-2007,Wyndham City Council,Metropolitan ," 23,041 "," 12,261 "," 11,802 "," 2,193 "," 2,193 "," 37,495 "," 13,995 "
2006-2007,Yarra City Council,Metropolitan ," 12,152 "," 9,000 "," 8,230 ", 194 , 194 ," 21,346 "," 8,424 "
2006-2007,Yarra Ranges Shire Council,Metropolitan ," 25,573 "," 16,744 "," 12,329 "," 1,234 "," 1,234 "," 43,551 "," 13,563 "
2007-2008,Banyule City Council,Metropolitan ," 19,131 "," 15,832 "," 14,382 "," 8,137 "," 8,137 "," 43,100 "," 22,519 "
2007-2008,Bayside City Council,Metropolitan ," 19,500 "," 13,374 "," 12,964 "," 6,881 "," 6,881 "," 39,755 "," 19,845 "
2007-2008,Boroondara City Council,Metropolitan ," 36,857 "," 24,260 "," 21,860 "," 13,362 "," 13,362 "," 74,479 "," 35,222 "
2007-2008,Brimbank City Council,Metropolitan ," 36,622 "," 17,524 "," 14,843 "," 6,761 "," 6,761 "," 60,907 "," 21,604 "
2007-2008,Cardinia Shire Council,Metropolitan ," 13,101 "," 6,153 "," 5,378 "," 2,629 "," 2,629 "," 21,883 "," 8,007 "
2007-2008,Casey City Council,Metropolitan ," 41,530 "," 30,179 "," 27,674 "," 22,500 "," 22,500 "," 94,209 "," 50,174 "
2007-2008,Darebin City Council,Metropolitan ," 25,169 "," 15,617 "," 13,551 "," 7,930 "," 7,930 "," 48,716 "," 21,481 "
2007-2008,Frankston City Council,Metropolitan ," 21,080 "," 17,498 "," 15,826 "," 7,853 "," 7,853 "," 46,431 "," 23,679 "
2007-2008,Glen Eira City Council,Metropolitan ," 35,396 "," 14,532 "," 13,805 "," 3,413 "," 3,413 "," 53,341 "," 17,218 "
2007-2008,Greater Dandenong City Council,Metropolitan ," 27,150 "," 12,146 "," 10,931 "," 12,729 "," 12,729 "," 52,026 "," 23,661 "
2007-2008,Hobsons Bay City Council,Metropolitan ," 18,647 "," 10,189 "," 9,874 "," 3,332 "," 3,332 "," 32,169 "," 13,206 "
2007-2008,Hume City Council,Metropolitan ," 32,157 "," 16,006 "," 13,666 "," 2,989 "," 2,989 "," 51,152 "," 16,655 "
2007-2008,Kingston City Council,Metropolitan ," 27,526 "," 17,297 "," 16,138 "," 10,805 "," 10,779 "," 55,627 "," 26,916 "
2007-2008,Knox City Council,Metropolitan ," 26,381 "," 18,056 "," 17,220 "," 13,654 "," 13,654 "," 58,091 "," 30,874 "
2007-2008,Manningham City Council,Metropolitan ," 20,962 "," 15,160 "," 12,221 "," 12,959 "," 12,959 "," 49,081 "," 25,180 "
2007-2008,Maribyrnong City Council,Metropolitan ," 16,885 "," 7,347 "," 6,028 ", 143 , 143 ," 24,375 "," 6,170 "
2007-2008,Maroondah City Council,Metropolitan ," 18,184 "," 12,877 "," 12,233 "," 10,662 "," 10,662 "," 41,722 "," 22,894 "
2007-2008,Melbourne City Council,Metropolitan ," 20,146 "," 7,136 "," 6,514 ", 30 , 30 ," 27,312 "," 6,544 "
2007-2008,Melton Shire Council,Metropolitan ," 16,429 "," 8,241 "," 8,067 "," 2,956 "," 2,956 "," 27,626 "," 11,023 "
2007-2008,Monash City Council,Metropolitan ," 27,135 "," 18,739 "," 16,883 "," 17,124 "," 17,124 "," 62,998 "," 34,007 "
2007-2008,Moonee Valley City Council,Metropolitan ," 28,832 "," 13,092 "," 11,560 "," 8,778 "," 8,778 "," 50,702 "," 20,338 "
2007-2008,Moreland City Council,Metropolitan ," 27,677 "," 16,725 "," 13,496 "," 6,366 "," 6,366 "," 50,768 "," 19,862 "
2007-2008,Mornington Peninsula Shire Council,Metropolitan ," 25,000 "," 22,526 "," 20,274 ", 224 , 224 ," 47,750 "," 20,498 "
2007-2008,Nillumbik Shire Council,Metropolitan ," 5,671 "," 8,813 "," 8,108 "," 5,774 "," 4,908 "," 20,258 "," 13,016 "
2007-2008,Port Phillip City Council,Metropolitan ," 19,886 "," 12,200 "," 11,468 ", -   , -   ," 32,086 "," 11,468 "
2007-2008,Stonnington City Council,Metropolitan ," 23,474 "," 13,065 "," 12,617 "," 2,236 "," 2,236 "," 38,775 "," 14,853 "
2007-2008,Whitehorse City Council,Metropolitan ," 28,057 "," 19,890 "," 18,219 "," 5,305 "," 5,305 "," 53,252 "," 23,524 "
2007-2008,Whittlesea City Council,Metropolitan ," 29,573 "," 14,089 "," 12,380 "," 2,084 "," 2,084 "," 45,747 "," 14,464 "
2007-2008,Wyndham City Council,Metropolitan ," 25,507 "," 14,267 "," 13,839 "," 2,522 "," 2,522 "," 42,296 "," 16,361 "
2007-2008,Yarra City Council,Metropolitan ," 12,441 "," 9,604 "," 9,149 ", 63 , 63 ," 22,108 "," 9,212 "
2007-2008,Yarra Ranges Shire Council,Metropolitan ," 25,987 "," 17,169 "," 13,550 "," 1,948 "," 1,948 "," 45,104 "," 15,498 "
2008-2009,Banyule City Council,Metropolitan ," 19,086 "," 15,923 "," 14,562 "," 8,438 "," 8,438 "," 43,447 "," 23,000 "
2008-2009,Bayside City Council,Metropolitan ," 19,360 "," 12,663 "," 12,284 "," 7,326 "," 7,326 "," 39,349 "," 19,610 "
2008-2009,Boroondara City Council,Metropolitan ," 35,723 "," 24,772 "," 24,184 "," 13,817 "," 13,817 "," 74,312 "," 38,001 "
2008-2009,Brimbank City Council,Metropolitan ," 36,868 "," 17,950 "," 15,222 "," 6,122 "," 6,122 "," 60,940 "," 21,344 "
2008-2009,Cardinia Shire Council,Metropolitan ," 13,870 "," 6,153 "," 5,378 "," 3,068 "," 3,068 "," 23,091 "," 8,446 "
2008-2009,Casey City Council,Metropolitan ," 45,873 "," 28,296 "," 26,052 "," 22,589 "," 19,329 "," 96,758 "," 45,381 "
2008-2009,Darebin City Council,Metropolitan ," 27,205 "," 16,075 "," 13,266 "," 6,964 "," 4,879 "," 50,244 "," 18,145 "
2008-2009,Frankston City Council,Metropolitan ," 21,517 "," 17,178 "," 15,504 "," 8,720 "," 8,720 "," 47,415 "," 24,224 "
2008-2009,Glen Eira City Council,Metropolitan ," 34,778 "," 14,206 "," 13,531 "," 3,954 "," 3,954 "," 52,938 "," 17,485 "
2008-2009,Greater Dandenong City Council,Metropolitan ," 26,981 "," 12,598 "," 10,529 "," 13,098 "," 11,950 "," 52,677 "," 22,479 "
2008-2009,Hobsons Bay City Council,Metropolitan ," 17,040 "," 10,577 "," 10,250 "," 4,481 "," 4,481 "," 32,098 "," 14,731 "
2008-2009,Hume City Council,Metropolitan ," 33,400 "," 15,895 "," 13,951 "," 3,815 "," 3,815 "," 53,110 "," 17,766 "
2008-2009,Kingston City Council,Metropolitan ," 27,552 "," 16,936 "," 16,089 "," 11,527 "," 11,527 "," 56,015 "," 27,616 "
2008-2009,Knox City Council,Metropolitan ," 25,989 "," 18,045 "," 17,213 "," 15,240 "," 15,240 "," 59,274 "," 32,453 "
2008-2009,Manningham City Council,Metropolitan ," 20,826 "," 14,072 "," 14,072 "," 13,607 "," 13,607 "," 48,504 "," 27,678 "
2008-2009,Maribyrnong City Council,Metropolitan ," 16,275 "," 7,625 "," 6,375 ", 255 , 255 ," 24,155 "," 6,630 "
2008-2009,Maroondah City Council,Metropolitan ," 18,714 "," 12,858 "," 12,177 "," 10,594 "," 10,594 "," 42,166 "," 22,771 "
2008-2009,Melbourne City Council,Metropolitan ," 22,115 "," 5,367 "," 4,831 ", 34 , 34 ," 27,517 "," 4,865 "
2008-2009,Melton Shire Council,Metropolitan ," 17,421 "," 9,551 "," 8,787 "," 2,789 "," 2,789 "," 29,761 "," 11,576 "
2008-2009,Monash City Council,Metropolitan ," 25,974 "," 18,322 "," 18,018 "," 17,463 "," 17,463 "," 61,759 "," 35,481 "
2008-2009,Moonee Valley City Council,Metropolitan ," 22,354 "," 12,149 "," 10,837 "," 6,270 "," 6,270 "," 40,773 "," 17,107 "
2008-2009,Moreland City Council,Metropolitan ," 28,317 "," 16,376 "," 14,902 "," 6,173 "," 6,173 "," 50,866 "," 21,075 "
2008-2009,Mornington Peninsula Shire Council,Metropolitan ," 25,800 "," 22,678 "," 20,410 ", 267 , 267 ," 48,745 "," 20,677 "
2008-2009,Nillumbik Shire Council,Metropolitan ," 7,067 "," 8,103 "," 7,455 "," 6,114 "," 2,998 "," 21,283 "," 10,453 "
2008-2009,Port Phillip City Council,Metropolitan ," 19,756 "," 12,402 "," 11,335 ", -   , -   ," 32,158 "," 11,335 "
2008-2009,Stonnington City Council,Metropolitan ," 22,684 "," 12,513 "," 12,086 "," 3,044 "," 3,044 "," 38,241 "," 15,130 "
2008-2009,Whitehorse City Council,Metropolitan ," 29,531 "," 19,106 "," 18,342 "," 7,315 "," 7,315 "," 55,952 "," 25,657 "
2008-2009,Whittlesea City Council,Metropolitan ," 29,931 "," 14,496 "," 12,919 "," 6,265 "," 6,265 "," 50,692 "," 19,184 "
2008-2009,Wyndham City Council,Metropolitan ," 27,872 "," 15,212 "," 14,056 "," 2,604 "," 2,604 "," 45,688 "," 16,660 "
2008-2009,Yarra City Council,Metropolitan ," 12,515 "," 9,314 "," 8,518 ", 188 , 188 ," 22,017 "," 8,706 "
2008-2009,Yarra Ranges Shire Council,Metropolitan ," 26,668 "," 17,144 "," 14,783 "," 4,537 "," 4,537 "," 48,349 "," 19,320 "
2009-2010,Banyule City Council,Metropolitan ," 19,900 "," 15,220 "," 13,919 "," 9,681 "," 9,681 "," 44,801 "," 23,600 "
2009-2010,Bayside City Council,Metropolitan ," 19,300 "," 13,408 "," 13,408 "," 8,021 "," 8,021 "," 40,729 "," 21,429 "
2009-2010,Boroondara City Council,Metropolitan ," 35,899 "," 23,382 "," 23,382 "," 15,646 "," 15,646 "," 74,928 "," 39,029 "
2009-2010,Brimbank City Council,Metropolitan ," 38,896 "," 17,492 "," 15,043 "," 6,512 "," 6,512 "," 62,900 "," 21,555 "
2009-2010,Cardinia Shire Council,Metropolitan ," 14,835 "," 5,764 "," 4,521 "," 3,886 "," 3,886 "," 24,486 "," 8,407 "
2009-2010,Casey City Council,Metropolitan ," 46,000 "," 26,298 "," 22,749 "," 28,207 "," 28,207 "," 100,505 "," 50,956 "
2009-2010,Darebin City Council,Metropolitan ," 25,990 "," 16,172 "," 13,633 "," 8,888 "," 8,888 "," 51,050 "," 22,521 "
2009-2010,Frankston City Council,Metropolitan ," 22,560 "," 16,392 "," 14,796 "," 9,715 "," 9,715 "," 48,668 "," 24,511 "
2009-2010,Glen Eira City Council,Metropolitan ," 34,192 "," 13,916 "," 13,499 "," 4,120 "," 4,120 "," 52,227 "," 17,618 "
2009-2010,Greater Dandenong City Council,Metropolitan ," 27,467 "," 12,611 "," 12,483 "," 15,394 "," 14,161 "," 55,472 "," 26,644 "
2009-2010,Hobsons Bay City Council,Metropolitan ," 17,530 "," 10,591 "," 10,263 "," 4,701 "," 4,701 "," 32,823 "," 14,965 "
2009-2010,Hume City Council,Metropolitan ," 35,200 "," 15,965 "," 13,864 "," 4,535 "," 4,535 "," 55,700 "," 18,399 "
2009-2010,Kingston City Council,Metropolitan ," 26,487 "," 17,103 "," 16,248 "," 13,653 "," 13,653 "," 57,244 "," 29,902 "
2009-2010,Knox City Council,Metropolitan ," 26,454 "," 17,367 "," 16,420 "," 17,824 "," 17,824 "," 61,645 "," 34,244 "
2009-2010,Manningham City Council,Metropolitan ," 21,576 "," 13,015 "," 13,015 "," 14,485 "," 14,485 "," 49,077 "," 27,501 "
2009-2010,Maribyrnong City Council,Metropolitan ," 22,000 "," 8,185 "," 6,467 "," 1,200 "," 1,100 "," 31,385 "," 7,567 "
2009-2010,Maroondah City Council,Metropolitan ," 19,371 "," 13,044 "," 12,352 "," 12,125 "," 12,125 "," 44,540 "," 24,477 "
2009-2010,Melbourne City Council,Metropolitan ," 23,146 "," 6,866 "," 6,184 ", 40 , 40 ," 30,052 "," 6,224 "
2009-2010,Melton Shire Council,Metropolitan ," 19,060 "," 10,191 "," 9,243 "," 3,860 "," 3,557 "," 33,110 "," 12,800 "
2009-2010,Monash City Council,Metropolitan ," 26,566 "," 18,509 "," 18,509 "," 20,334 "," 20,334 "," 65,409 "," 38,843 "
2009-2010,Moonee Valley City Council,Metropolitan ," 22,004 "," 13,792 "," 12,412 "," 6,849 "," 6,849 "," 42,645 "," 19,261 "
2009-2010,Moreland City Council,Metropolitan ," 28,139 "," 16,448 "," 16,448 "," 7,571 "," 7,571 "," 52,158 "," 24,019 "
2009-2010,Mornington Peninsula Shire Council,Metropolitan ," 27,168 "," 22,958 "," 22,958 ", 319 , 319 ," 50,445 "," 23,277 "
2009-2010,Nillumbik Shire Council,Metropolitan ," 6,362 "," 7,757 "," 7,136 "," 6,617 ", -   ," 20,736 "," 7,136 "
2009-2010,Port Phillip City Council,Metropolitan ," 20,104 "," 12,717 "," 12,373 ", -   , -   ," 32,821 "," 12,373 "
2009-2010,Stonnington City Council,Metropolitan ," 21,233 "," 12,506 "," 12,010 "," 3,441 "," 3,441 "," 37,180 "," 15,451 "
2009-2010,Whitehorse City Council,Metropolitan ," 30,799 "," 19,281 "," 17,508 "," 8,388 "," 8,388 "," 58,468 "," 25,896 "
2009-2010,Whittlesea City Council,Metropolitan ," 32,583 "," 15,607 "," 14,050 "," 8,000 "," 8,000 "," 56,190 "," 22,050 "
2009-2010,Wyndham City Council,Metropolitan ," 30,381 "," 15,533 "," 14,353 "," 1,806 "," 1,806 "," 47,720 "," 16,159 "
2009-2010,Yarra City Council,Metropolitan ," 13,623 "," 10,271 "," 9,821 ", 197 , 197 ," 24,091 "," 10,018 "
2009-2010,Yarra Ranges Shire Council,Metropolitan ," 27,298 "," 17,621 "," 15,594 "," 6,301 "," 6,301 "," 51,220 "," 21,895 "
2010-2011,Banyule City Council,Metropolitan ," 20,556 "," 15,097 "," 13,805 "," 12,684 "," 12,684 "," 48,337 "," 26,489 "
2010-2011,Bayside City Council,Metropolitan ," 19,800 "," 14,185 "," 14,185 "," 9,900 "," 9,900 "," 43,885 "," 24,085 "
2010-2011,Boroondara City Council,Metropolitan ," 36,223 "," 22,811 "," 22,811 "," 18,707 "," 18,707 "," 77,741 "," 41,518 "
2010-2011,Brimbank City Council,Metropolitan ," 40,116 "," 18,104 "," 15,388 "," 11,904 "," 11,904 "," 70,124 "," 27,292 "
2010-2011,Cardinia Shire Council,Metropolitan ," 14,746 "," 8,007 "," 6,630 "," 4,062 "," 4,062 "," 26,815 "," 10,692 "
2010-2011,Casey City Council,Metropolitan ," 50,047 "," 26,328 "," 24,484 "," 35,870 "," 35,870 "," 112,245 "," 60,354 "
2010-2011,Darebin City Council,Metropolitan ," 27,147 "," 16,085 "," 13,323 "," 11,748 "," 11,748 "," 54,980 "," 25,071 "
2010-2011,Frankston City Council,Metropolitan ," 23,454 "," 16,566 "," 13,497 "," 12,618 "," 12,618 "," 52,638 "," 26,115 "
2010-2011,Glen Eira City Council,Metropolitan ," 30,005 "," 14,663 "," 14,663 "," 8,055 "," 8,055 "," 52,723 "," 22,718 "
2010-2011,Greater Dandenong City Council,Metropolitan ," 29,086 "," 12,590 "," 11,960 "," 18,067 "," 16,779 "," 59,743 "," 28,739 "
2010-2011,Hobsons Bay City Council,Metropolitan ," 20,461 "," 9,739 "," 9,438 "," 7,775 "," 7,407 "," 37,975 "," 16,845 "
2010-2011,Hume City Council,Metropolitan ," 37,585 "," 16,704 "," 14,507 "," 6,178 "," 6,178 "," 60,467 "," 20,685 "
2010-2011,Kingston City Council,Metropolitan ," 29,212 "," 17,180 "," 16,321 "," 16,760 "," 12,502 "," 63,152 "," 28,823 "
2010-2011,Knox City Council,Metropolitan ," 27,099 "," 16,817 "," 15,320 "," 20,926 "," 20,926 "," 64,842 "," 36,246 "
2010-2011,Manningham City Council,Metropolitan ," 22,281 "," 13,594 "," 13,594 "," 17,223 "," 17,223 "," 53,097 "," 30,816 "
2010-2011,Maribyrnong City Council,Metropolitan ," 18,880 "," 8,155 "," 6,444 "," 1,375 "," 1,375 "," 28,410 "," 7,819 "
2010-2011,Maroondah City Council,Metropolitan ," 19,824 "," 12,485 "," 11,361 "," 14,938 "," 14,938 "," 47,247 "," 26,299 "
2010-2011,Melbourne City Council,Metropolitan ," 20,991 "," 7,303 "," 6,573 ", 53 , 53 ," 28,346 "," 6,626 "
2010-2011,Melton Shire Council,Metropolitan ," 20,002 "," 10,987 "," 10,519 "," 6,426 "," 6,011 "," 37,415 "," 16,530 "
2010-2011,Monash City Council,Metropolitan ," 27,960 "," 18,517 "," 17,777 "," 20,335 "," 20,335 "," 66,812 "," 38,112 "
2010-2011,Moonee Valley City Council,Metropolitan ," 22,326 "," 13,588 "," 12,230 "," 9,175 "," 9,175 "," 45,089 "," 21,405 "
2010-2011,Moreland City Council,Metropolitan ," 29,240 "," 16,273 "," 15,808 "," 9,647 "," 9,647 "," 55,160 "," 25,455 "
2010-2011,Mornington Peninsula Shire Council,Metropolitan ," 28,023 "," 23,000 "," 21,390 "," 1,636 "," 1,636 "," 52,659 "," 23,026 "
2010-2011,Nillumbik Shire Council,Metropolitan ," 6,684 "," 7,639 "," 6,723 "," 8,043 ", -   ," 22,366 "," 6,723 "
2010-2011,Port Phillip City Council,Metropolitan ," 21,518 "," 12,349 "," 10,991 ", -   , -   ," 33,867 "," 10,991 "
2010-2011,Stonnington City Council,Metropolitan ," 22,279 "," 12,646 "," 12,277 "," 4,610 "," 4,610 "," 39,535 "," 16,887 "
2010-2011,Whitehorse City Council,Metropolitan ," 31,260 "," 19,525 "," 17,885 "," 9,904 "," 9,904 "," 60,689 "," 27,789 "
2010-2011,Whittlesea City Council,Metropolitan ," 33,787 "," 16,362 "," 14,211 "," 10,747 "," 10,747 "," 60,895 "," 24,957 "
2010-2011,Wyndham City Council,Metropolitan ," 32,669 "," 16,536 "," 14,766 "," 5,675 "," 5,675 "," 54,880 "," 20,441 "
2010-2011,Yarra City Council,Metropolitan ," 14,359 "," 10,107 "," 9,617 ", 305 , 305 ," 24,771 "," 9,922 "
2010-2011,Yarra Ranges Shire Council,Metropolitan ," 27,976 "," 17,872 "," 15,685 "," 6,533 "," 6,533 "," 52,381 "," 22,218 "
2011-2012,Banyule City Council,Metropolitan ," 20,800 "," 14,581 "," 13,453 "," 12,716 "," 12,716 "," 48,097 "," 26,169 "
2011-2012,Bayside City Council,Metropolitan ," 19,900 "," 12,517 "," 12,517 "," 9,900 "," 9,900 "," 42,317 "," 22,417 "
2011-2012,Boroondara City Council,Metropolitan ," 36,310 "," 21,920 "," 21,920 "," 20,636 "," 20,636 "," 78,866 "," 42,556 "
2011-2012,Brimbank City Council,Metropolitan ," 40,659 "," 17,602 "," 15,314 "," 11,910 "," 11,910 "," 70,171 "," 27,224 "
2011-2012,Cardinia Shire Council,Metropolitan ," 15,191 "," 7,903 "," 7,903 "," 4,683 "," 4,683 "," 27,777 "," 12,586 "
2011-2012,Casey City Council,Metropolitan ," 47,310 "," 28,083 "," 26,000 "," 32,646 "," 32,646 "," 108,039 "," 58,646 "
2011-2012,Darebin City Council,Metropolitan ," 27,150 "," 15,869 "," 15,869 "," 11,708 "," 11,708 "," 54,727 "," 27,577 "
2011-2012,Frankston City Council,Metropolitan ," 23,952 "," 16,676 "," 15,257 "," 12,791 "," 12,791 "," 53,419 "," 28,048 "
2011-2012,Glen Eira City Council,Metropolitan ," 32,164 "," 14,454 "," 14,454 "," 8,296 "," 8,296 "," 54,914 "," 22,750 "
2011-2012,Greater Dandenong City Council,Metropolitan ," 29,784 "," 12,365 "," 11,747 "," 17,323 "," 16,020 "," 59,472 "," 27,767 "
2011-2012,Hobsons Bay City Council,Metropolitan ," 18,204 "," 10,300 "," 10,300 "," 8,297 "," 8,071 "," 36,801 "," 18,370 "
2011-2012,Hume City Council,Metropolitan ," 38,476 "," 16,641 "," 13,355 "," 6,558 "," 6,558 "," 61,675 "," 19,913 "
2011-2012,Kingston City Council,Metropolitan ," 29,489 "," 16,304 "," 15,425 "," 15,553 "," 14,942 "," 61,346 "," 30,367 "
2011-2012,Knox City Council,Metropolitan ," 27,909 "," 16,984 "," 15,811 "," 20,072 "," 20,072 "," 64,965 "," 35,883 "
2011-2012,Manningham City Council,Metropolitan ," 22,068 "," 13,508 "," 13,508 "," 16,808 "," 16,808 "," 52,384 "," 30,316 "
2011-2012,Maribyrnong City Council,Metropolitan ," 20,500 "," 6,373 "," 6,373 ", 500 , 490 ," 27,373 "," 6,863 "
2011-2012,Maroondah City Council,Metropolitan ," 19,344 "," 12,274 "," 11,529 "," 14,549 "," 14,549 "," 46,167 "," 26,078 "
2011-2012,Melbourne City Council,Metropolitan ," 20,885 "," 7,106 "," 6,426 ", 52 , 52 ," 28,043 "," 6,478 "
2011-2012,Melton Shire Council,Metropolitan ," 21,676 "," 11,082 "," 10,195 "," 6,062 "," 5,883 "," 38,820 "," 16,078 "
2011-2012,Monash City Council,Metropolitan ," 31,484 "," 17,838 "," 17,318 "," 21,643 "," 21,643 "," 70,965 "," 38,961 "
2011-2012,Moonee Valley City Council,Metropolitan ," 22,038 "," 16,079 "," 13,180 "," 8,791 "," 8,791 "," 46,908 "," 21,971 "
2011-2012,Moreland City Council,Metropolitan ," 30,000 "," 16,507 "," 14,178 "," 9,766 "," 9,766 "," 56,273 "," 23,944 "
2011-2012,Mornington Peninsula Shire Council,Metropolitan ," 29,432 "," 22,934 "," 22,934 "," 4,121 "," 4,121 "," 56,487 "," 27,055 "
2011-2012,Nillumbik Shire Council,Metropolitan ," 7,000 "," 7,615 "," 6,701 "," 7,373 ", -   ," 21,988 "," 6,701 "
2011-2012,Port Phillip City Council,Metropolitan ," 21,518 "," 13,105 "," 11,755 ", -   , -   ," 34,624 "," 11,755 "
2011-2012,Stonnington City Council,Metropolitan ," 21,829 "," 11,633 "," 11,284 "," 4,132 "," 4,132 "," 37,594 "," 15,416 "
2011-2012,Whitehorse City Council,Metropolitan ," 30,606 "," 19,611 "," 17,965 "," 13,035 "," 13,035 "," 63,252 "," 31,000 "
2011-2012,Whittlesea City Council,Metropolitan ," 33,935 "," 16,871 "," 14,728 "," 11,225 "," 11,225 "," 62,031 "," 25,953 "
2011-2012,Wyndham City Council,Metropolitan ," 37,202 "," 16,763 "," 16,543 "," 5,216 "," 5,216 "," 59,181 "," 21,758 "
2011-2012,Yarra City Council,Metropolitan ," 14,507 "," 9,492 "," 8,732 ", 303 , 303 ," 24,302 "," 9,035 "
2011-2012,Yarra Ranges Shire Council,Metropolitan ," 28,824 "," 18,468 "," 16,928 "," 8,708 "," 8,708 "," 56,000 "," 25,636 "
2012-2013,Banyule City Council,Metropolitan ," 20,520 "," 13,851 "," 12,919 "," 10,657 "," 10,657 "," 45,028 "," 23,576 "
2012-2013,Bayside City Council,Metropolitan ," 19,722 "," 12,488 "," 12,488 "," 9,535 "," 9,535 "," 41,745 "," 22,023 "
2012-2013,Boroondara City Council,Metropolitan ," 36,930 "," 20,897 "," 20,987 "," 19,188 "," 19,188 "," 77,015 "," 40,175 "
2012-2013,Brimbank City Council,Metropolitan ," 39,944 "," 16,346 "," 13,485 "," 9,921 "," 9,921 "," 66,211 "," 23,406 "
2012-2013,Cardinia Shire Council,Metropolitan ," 15,435 "," 8,434 "," 8,434 "," 4,870 "," 4,870 "," 28,739 "," 13,304 "
2012-2013,Casey City Council,Metropolitan ," 48,723 "," 26,907 "," 26,407 "," 29,647 "," 29,647 "," 105,277 "," 56,054 "
2012-2013,Darebin City Council,Metropolitan ," 26,611 "," 15,259 "," 15,259 "," 10,475 "," 10,475 "," 52,345 "," 25,734 "
2012-2013,Frankston City Council,Metropolitan ," 24,395 "," 16,008 "," 15,312 "," 12,381 "," 12,318 "," 52,784 "," 27,629 "
2012-2013,Glen Eira City Council,Metropolitan ," 26,968 "," 13,772 "," 13,772 "," 8,300 "," 8,300 "," 49,040 "," 22,072 "
2012-2013,Greater Dandenong City Council,Metropolitan ," 30,501 "," 11,784 "," 11,784 "," 15,100 "," 13,687 "," 57,385 "," 25,471 "
2012-2013,Hobsons Bay City Council,Metropolitan ," 17,970 "," 9,924 "," 9,924 "," 7,551 "," 7,168 "," 35,445 "," 17,091 "
2012-2013,Hume City Council,Metropolitan ," 39,093 "," 16,667 "," 14,734 "," 5,903 "," 5,903 "," 61,663 "," 20,637 "
2012-2013,Kingston City Council,Metropolitan ," 28,324 "," 15,207 "," 14,294 "," 14,348 "," 13,859 "," 57,879 "," 28,153 "
2012-2013,Knox City Council,Metropolitan ," 28,661 "," 16,433 "," 15,954 "," 18,135 "," 18,135 "," 63,229 "," 34,089 "
2012-2013,Manningham City Council,Metropolitan ," 21,729 "," 12,969 "," 12,969 "," 15,769 "," 15,769 "," 50,467 "," 28,738 "
2012-2013,Maribyrnong City Council,Metropolitan ," 19,499 "," 7,430 "," 7,430 "," 1,815 "," 1,700 "," 28,743 "," 9,130 "
2012-2013,Maroondah City Council,Metropolitan ," 19,297 "," 11,789 "," 10,633 "," 13,306 "," 13,306 "," 44,392 "," 23,939 "
2012-2013,Melbourne City Council,Metropolitan ," 21,362 "," 6,830 "," 5,553 ", 52 , 52 ," 28,245 "," 5,605 "
2012-2013,Melton Shire Council,Metropolitan ," 22,203 "," 11,059 "," 10,285 "," 5,628 "," 5,499 "," 38,890 "," 15,784 "
2012-2013,Monash City Council,Metropolitan ," 30,597 "," 16,533 "," 16,533 "," 19,377 "," 19,377 "," 66,507 "," 35,910 "
2012-2013,Moonee Valley City Council,Metropolitan ," 21,800 "," 14,030 "," 12,340 "," 7,836 "," 7,836 "," 43,666 "," 20,176 "
2012-2013,Moreland City Council,Metropolitan ," 31,587 "," 16,420 "," 13,922 "," 8,876 "," 8,276 "," 56,883 "," 22,198 "
2012-2013,Mornington Peninsula Shire Council,Metropolitan ," 29,689 "," 23,002 "," 23,002 "," 5,434 "," 5,434 "," 58,125 "," 28,436 "
2012-2013,Nillumbik Shire Council,Metropolitan ," 6,107 "," 7,406 "," 7,406 "," 7,699 ", -   ," 21,212 "," 7,406 "
2012-2013,Port Phillip City Council,Metropolitan ," 20,834 "," 12,074 "," 10,420 ", -   , -   ," 32,908 "," 10,420 "
2012-2013,Stonnington City Council,Metropolitan ," 19,697 "," 10,358 "," 10,265 "," 3,951 "," 3,951 "," 34,006 "," 14,216 "
2012-2013,Whitehorse City Council,Metropolitan ," 29,904 "," 18,139 "," 16,615 "," 10,183 "," 10,183 "," 58,226 "," 26,798 "
2012-2013,Whittlesea City Council,Metropolitan ," 34,332 "," 16,877 "," 14,463 "," 10,029 "," 10,029 "," 61,238 "," 24,492 "
2012-2013,Wyndham City Council,Metropolitan ," 37,470 "," 16,957 "," 16,957 "," 5,605 "," 5,605 "," 60,032 "," 22,562 "
2012-2013,Yarra City Council,Metropolitan ," 14,458 "," 9,023 "," 8,326 ", 304 , 304 ," 23,785 "," 8,630 "
2012-2013,Yarra Ranges Shire Council,Metropolitan ," 28,953 "," 17,227 "," 15,527 "," 8,219 "," 8,219 "," 54,399 "," 23,746 "
2013-2014,Banyule City Council,Metropolitan ," 20,181 "," 13,407 "," 12,443 "," 10,565 "," 10,565 "," 44,153 "," 23,008 "
2013-2014,Bayside City Council,Metropolitan ," 20,211 "," 11,604 "," 11,604 "," 10,178 "," 10,178 "," 41,993 "," 21,782 "
2013-2014,Boroondara City Council,Metropolitan ," 36,937 "," 20,902 "," 20,380 "," 20,309 "," 20,309 "," 78,148 "," 40,688 "
2013-2014,Brimbank City Council,Metropolitan ," 41,350 "," 15,673 "," 7,633 "," 10,822 "," 10,822 "," 67,845 "," 18,455 "
2013-2014,Cardinia Shire Council,Metropolitan ," 16,230 "," 8,432 "," 8,432 "," 5,363 "," 5,363 "," 30,026 "," 13,795 "
2013-2014,Casey City Council,Metropolitan ," 50,769 "," 26,722 "," 26,722 "," 32,134 "," 32,134 "," 109,625 "," 58,856 "
2013-2014,Darebin City Council,Metropolitan ," 24,633 "," 13,891 "," 13,891 "," 10,823 "," 10,823 "," 49,347 "," 24,714 "
2013-2014,Frankston City Council,Metropolitan ," 24,519 "," 15,763 "," 14,421 "," 13,499 "," 13,499 "," 53,781 "," 27,920 "
2013-2014,Glen Eira City Council,Metropolitan ," 26,223 "," 13,321 "," 13,321 "," 9,351 "," 9,351 "," 48,895 "," 22,672 "
2013-2014,Greater Dandenong City Council,Metropolitan ," 31,174 "," 11,758 "," 11,758 "," 14,815 "," 13,439 "," 57,747 "," 25,197 "
2013-2014,Hobsons Bay City Council,Metropolitan ," 18,565 "," 10,261 "," 9,899 "," 8,120 "," 8,005 "," 36,946 "," 17,905 "
2013-2014,Hume City Council,Metropolitan ," 40,766 "," 16,061 "," 14,419 "," 6,073 "," 6,073 "," 62,900 "," 20,492 "
2013-2014,Kingston City Council,Metropolitan ," 29,864 "," 15,398 "," 14,498 "," 14,830 "," 14,818 "," 60,092 "," 29,316 "
2013-2014,Knox City Council,Metropolitan ," 28,728 "," 17,082 "," 16,580 "," 19,157 "," 19,157 "," 64,967 "," 35,737 "
2013-2014,Manningham City Council,Metropolitan ," 21,443 "," 12,885 "," 12,885 "," 15,481 "," 15,481 "," 49,809 "," 28,366 "
2013-2014,Maribyrnong City Council,Metropolitan ," 17,253 "," 8,000 "," 8,000 "," 1,800 "," 1,800 "," 27,053 "," 9,800 "
2013-2014,Maroondah City Council,Metropolitan ," 19,790 "," 10,412 "," 10,412 "," 13,477 "," 13,477 "," 43,679 "," 23,889 "
2013-2014,Melbourne City Council,Metropolitan ," 24,556 "," 7,473 "," 6,457 ", 49 , 49 ," 32,078 "," 6,506 "
2013-2014,Melton Shire Council,Metropolitan ," 22,785 "," 11,277 "," 10,431 "," 5,870 "," 5,733 "," 39,932 "," 16,164 "
2013-2014,Monash City Council,Metropolitan ," 31,628 "," 16,676 "," 16,676 "," 20,437 "," 20,437 "," 68,741 "," 37,113 "
2013-2014,Moonee Valley City Council,Metropolitan ," 23,461 "," 12,077 "," 10,869 "," 6,849 "," 6,849 "," 42,387 "," 17,718 "
2013-2014,Moreland City Council,Metropolitan ," 32,571 "," 16,551 "," 14,136 "," 8,915 "," 8,747 "," 58,037 "," 22,883 "
2013-2014,Mornington Peninsula Shire Council,Metropolitan ," 30,947 "," 22,552 "," 22,552 "," 6,752 "," 6,752 "," 60,252 "," 29,305 "
2013-2014,Nillumbik Shire Council,Metropolitan ," 6,244 "," 7,694 "," 7,694 "," 7,135 "," 1,056 "," 21,073 "," 8,750 "
2013-2014,Port Phillip City Council,Metropolitan ," 21,404 "," 11,522 "," 10,255 ", -   , -   ," 32,926 "," 10,255 "
2013-2014,Stonnington City Council,Metropolitan ," 20,974 "," 10,236 "," 9,921 "," 3,780 "," 3,780 "," 34,990 "," 13,701 "
2013-2014,Whitehorse City Council,Metropolitan ," 28,763 "," 18,045 "," 16,529 "," 12,901 "," 12,901 "," 59,709 "," 29,430 "
2013-2014,Whittlesea City Council,Metropolitan ," 34,974 "," 17,565 "," 14,790 "," 11,338 "," 11,338 "," 63,877 "," 26,128 "
2013-2014,Wyndham City Council,Metropolitan ," 40,187 "," 17,440 "," 17,440 "," 6,666 "," 6,666 "," 64,293 "," 24,106 "
2013-2014,Yarra City Council,Metropolitan ," 15,338 "," 9,211 "," 8,502 ", 363 , 363 ," 24,912 "," 8,865 "
2013-2014,Yarra Ranges Shire Council,Metropolitan ," 29,390 "," 17,089 "," 15,005 "," 8,827 "," 8,827 "," 55,306 "," 23,832 "
2014-2015,Banyule City Council,Metropolitan ," 20,148 "," 12,901 "," 11,869 "," 9,494 "," 9,494 "," 42,543 "," 21,363 "
2014-2015,Bayside City Council,Metropolitan ," 20,219 "," 11,613 "," 11,613 "," 9,985 "," 9,985 "," 41,816 "," 21,597 "
2014-2015,Boroondara City Council,Metropolitan ," 37,394 "," 20,034 "," 19,533 "," 18,075 "," 18,075 "," 75,503 "," 37,608 "
2014-2015,Brimbank City Council,Metropolitan ," 41,904 "," 16,088 "," 12,806 "," 9,578 "," 9,578 "," 67,570 "," 22,384 "
2014-2015,Cardinia Shire Council,Metropolitan ," 16,960 "," 8,727 "," 8,727 "," 5,887 "," 5,887 "," 31,574 "," 14,614 "
2014-2015,Casey City Council,Metropolitan ," 52,370 "," 26,608 "," 26,608 "," 32,236 "," 32,236 "," 111,214 "," 58,844 "
2014-2015,Darebin City Council,Metropolitan ," 26,454 "," 14,364 "," 12,383 "," 10,238 "," 10,238 "," 51,056 "," 22,621 "
2014-2015,Frankston City Council,Metropolitan ," 24,830 "," 15,957 "," 15,263 "," 13,301 "," 13,301 "," 54,088 "," 28,564 "
2014-2015,Glen Eira City Council,Metropolitan ," 31,119 "," 13,394 "," 13,394 "," 10,665 "," 10,656 "," 55,178 "," 24,050 "
2014-2015,Greater Dandenong City Council,Metropolitan ," 29,826 "," 12,022 "," 10,508 "," 13,597 "," 12,749 "," 55,445 "," 23,257 "
2014-2015,Hobsons Bay City Council,Metropolitan ," 18,669 "," 10,115 "," 9,459 "," 7,111 "," 7,111 "," 35,895 "," 16,570 "
2014-2015,Hume City Council,Metropolitan ," 42,756 "," 16,345 "," 14,629 "," 5,120 "," 5,120 "," 64,220 "," 19,749 "
2014-2015,Kingston City Council,Metropolitan ," 30,480 "," 15,440 "," 14,514 "," 14,157 "," 14,019 "," 60,077 "," 28,533 "
2014-2015,Knox City Council,Metropolitan ," 28,308 "," 16,330 "," 15,744 "," 19,274 "," 19,274 "," 63,912 "," 35,018 "
2014-2015,Manningham City Council,Metropolitan ," 22,016 "," 12,475 "," 12,475 "," 14,342 "," 14,342 "," 48,833 "," 26,817 "
2014-2015,Maribyrnong City Council,Metropolitan ," 19,504 "," 7,836 "," 7,836 "," 2,011 "," 2,011 "," 29,351 "," 9,847 "
2014-2015,Maroondah City Council,Metropolitan ," 20,147 "," 11,915 "," 10,417 "," 12,994 "," 12,994 "," 45,056 "," 23,411 "
2014-2015,Melbourne City Council,Metropolitan ," 26,418 "," 7,894 "," 7,081 ", 51 , 51 ," 34,363 "," 7,132 "
2014-2015,Melton Shire Council,Metropolitan ," 23,518 "," 11,382 "," 10,586 "," 6,424 "," 6,279 "," 41,324 "," 16,865 "
2014-2015,Monash City Council,Metropolitan ," 32,121 "," 16,009 "," 16,009 "," 19,839 "," 19,839 "," 67,969 "," 35,848 "
2014-2015,Moonee Valley City Council,Metropolitan ," 23,552 "," 10,993 "," 10,255 "," 7,753 "," 7,698 "," 42,298 "," 17,953 "
2014-2015,Moreland City Council,Metropolitan ," 29,557 "," 16,012 "," 13,655 "," 8,485 "," 8,449 "," 54,054 "," 22,104 "
2014-2015,Mornington Peninsula Shire Council,Metropolitan ," 30,013 "," 22,140 "," 22,140 "," 7,486 "," 7,486 "," 59,639 "," 29,626 "
2014-2015,Nillumbik Shire Council,Metropolitan ," 6,184 "," 7,642 "," 7,642 "," 7,140 "," 7,140 "," 20,966 "," 14,782 "
2014-2015,Port Phillip City Council,Metropolitan ," 21,302 "," 11,222 "," 9,482 ", -   , -   ," 32,524 "," 9,482 "
2014-2015,Stonnington City Council,Metropolitan ," 24,347 "," 10,313 "," 10,138 "," 3,832 "," 3,832 "," 38,492 "," 13,970 "
2014-2015,Whitehorse City Council,Metropolitan ," 28,682 "," 17,571 "," 15,883 "," 12,880 "," 12,880 "," 59,133 "," 28,763 "
2014-2015,Whittlesea City Council,Metropolitan ," 39,457 "," 17,383 "," 15,089 "," 11,290 "," 11,290 "," 68,130 "," 26,379 "
2014-2015,Wyndham City Council,Metropolitan ," 41,834 "," 18,060 "," 18,060 "," 6,368 "," 6,368 "," 66,261 "," 24,427 "
2014-2015,Yarra City Council,Metropolitan ," 15,342 "," 9,092 "," 8,407 ", 347 , 347 ," 24,781 "," 8,754 "
2014-2015,Yarra Ranges Shire Council,Metropolitan ," 29,574 "," 16,922 "," 14,793 "," 9,388 "," 9,388 "," 55,884 "," 24,181 "
2015-2016,Banyule City Council,Metropolitan ," 20,700 "," 13,185 "," 12,315 "," 9,487 "," 9,487 "," 43,372 "," 21,802 "
2015-2016,Bayside City Council,Metropolitan ," 21,177 "," 11,354 "," 11,354 "," 9,973 "," 9,973 "," 42,503 "," 21,327 "
2015-2016,Boroondara City Council,Metropolitan ," 37,112 "," 18,559 "," 18,559 "," 16,861 "," 16,861 "," 72,532 "," 35,420 "
2015-2016,Brimbank City Council,Metropolitan ," 42,702 "," 16,760 "," 13,188 "," 10,147 "," 10,147 "," 69,609 "," 23,335 "
2015-2016,Cardinia Shire Council,Metropolitan ," 17,851 "," 8,815 "," 8,815 "," 6,042 "," 6,042 "," 32,708 "," 14,857 "
2015-2016,Casey City Council,Metropolitan ," 55,011 "," 27,314 "," 27,314 "," 31,140 "," 31,140 "," 113,465 "," 58,454 "
2015-2016,Darebin City Council,Metropolitan ," 26,865 "," 14,178 "," 12,193 "," 10,034 "," 10,034 "," 51,077 "," 22,227 "
2015-2016,Frankston City Council,Metropolitan ," 25,261 "," 15,600 "," 14,922 "," 12,684 "," 12,684 "," 53,545 "," 27,606 "
2015-2016,Glen Eira City Council,Metropolitan ," 31,015 "," 13,476 "," 13,476 "," 11,177 "," 11,177 "," 55,668 "," 24,653 "
2015-2016,Greater Dandenong City Council,Metropolitan ," 29,454 "," 12,456 "," 10,777 "," 13,043 "," 13,043 "," 54,953 "," 23,820 "
2015-2016,Hobsons Bay City Council,Metropolitan ," 18,848 "," 10,128 "," 9,476 "," 7,124 "," 7,124 "," 36,099 "," 16,599 "
2015-2016,Hume City Council,Metropolitan ," 44,222 "," 16,403 "," 14,764 "," 5,259 "," 5,259 "," 65,884 "," 20,023 "
2015-2016,Kingston City Council,Metropolitan ," 31,102 "," 15,162 "," 14,252 "," 13,757 "," 13,615 "," 60,021 "," 27,867 "
2015-2016,Knox City Council,Metropolitan ," 28,671 "," 16,482 "," 13,835 "," 17,744 "," 17,744 "," 62,897 "," 31,579 "
2015-2016,Manningham City Council,Metropolitan ," 21,687 "," 12,155 "," 12,155 "," 13,698 "," 13,698 "," 47,540 "," 25,853 "
2015-2016,Maribyrnong City Council,Metropolitan ," 18,556 "," 7,020 "," 7,020 "," 2,097 "," 2,097 "," 27,673 "," 9,117 "
2015-2016,Maroondah City Council,Metropolitan ," 20,700 "," 11,716 "," 10,138 "," 12,544 "," 12,544 "," 44,960 "," 22,682 "
2015-2016,Melbourne City Council,Metropolitan ," 21,052 "," 9,036 "," 8,105 ", 52 , 52 ," 30,139 "," 8,157 "
2015-2016,Melton Shire Council,Metropolitan ," 25,076 "," 11,775 "," 11,775 "," 9,763 "," 7,446 "," 46,614 "," 19,221 "
2015-2016,Monash City Council,Metropolitan ," 32,389 "," 14,999 "," 14,999 "," 17,882 "," 17,882 "," 65,270 "," 32,881 "
2015-2016,Moonee Valley City Council,Metropolitan ," 24,169 "," 11,304 "," 11,304 "," 7,501 "," 7,501 "," 42,974 "," 18,805 "
2015-2016,Moreland City Council,Metropolitan ," 30,425 "," 16,419 "," 13,574 "," 8,598 "," 8,598 "," 55,442 "," 22,172 "
2015-2016,Mornington Peninsula Shire Council,Metropolitan ," 30,692 "," 22,674 "," 22,674 "," 8,361 "," 8,361 "," 61,727 "," 31,035 "
2015-2016,Nillumbik Shire Council,Metropolitan ," 6,424 "," 7,486 "," 7,486 "," 7,013 "," 7,013 "," 20,923 "," 14,499 "
2015-2016,Port Phillip City Council,Metropolitan ," 21,458 "," 11,106 "," 9,784 ", -   , -   ," 32,564 "," 9,784 "
2015-2016,Stonnington City Council,Metropolitan ," 24,377 "," 10,150 "," 10,150 "," 3,238 "," 3,238 "," 37,765 "," 13,388 "
2015-2016,Whitehorse City Council,Metropolitan ," 28,773 "," 17,296 "," 16,156 "," 11,615 "," 11,615 "," 57,684 "," 27,771 "
2015-2016,Whittlesea City Council,Metropolitan ," 35,167 "," 16,614 "," 14,570 "," 11,590 "," 11,590 "," 63,371 "," 26,160 "
2015-2016,Wyndham City Council,Metropolitan ," 43,899 "," 18,716 "," 18,716 "," 6,518 "," 6,518 "," 69,133 "," 25,234 "
2015-2016,Yarra City Council,Metropolitan ," 15,777 "," 9,347 "," 8,596 ", 332 , 332 ," 25,456 "," 8,928 "
2015-2016,Yarra Ranges Shire Council,Metropolitan ," 29,943 "," 17,414 "," 16,265 "," 9,651 "," 9,651 "," 57,008 "," 25,916 "
2016-2017,Banyule City Council,Metropolitan ," 20,055 "," 12,028 "," 11,178 "," 11,062 "," 11,062 "," 43,145 "," 22,240 "
2016-2017,Bayside City Council,Metropolitan ," 20,370 "," 11,144 "," 11,144 "," 9,974 "," 9,974 "," 41,488 "," 21,118 "
2016-2017,Boroondara City Council,Metropolitan ," 39,756 "," 19,481 "," 16,832 "," 16,578 "," 16,578 "," 75,815 "," 33,410 "
2016-2017,Brimbank City Council,Metropolitan ," 43,242 "," 16,362 "," 14,120 "," 12,567 "," 12,567 "," 72,171 "," 26,687 "
2016-2017,Cardinia Shire Council,Metropolitan ," 18,666 "," 9,667 "," 9,667 "," 7,005 "," 7,005 "," 35,338 "," 16,672 "
2016-2017,Casey City Council,Metropolitan ," 56,512 "," 27,548 "," 27,548 "," 34,633 "," 34,633 "," 118,693 "," 62,180 "
2016-2017,Darebin City Council,Metropolitan ," 27,495 "," 14,072 "," 12,158 "," 11,300 "," 11,300 "," 52,867 "," 23,458 "
2016-2017,Frankston City Council,Metropolitan ," 25,354 "," 15,394 "," 14,724 "," 14,226 "," 14,226 "," 54,974 "," 28,950 "
2016-2017,Glen Eira City Council,Metropolitan ," 30,706 "," 13,225 "," 13,225 "," 12,381 "," 12,381 "," 56,312 "," 25,606 "
2016-2017,Greater Dandenong City Council,Metropolitan ," 29,097 "," 12,456 "," 10,777 "," 13,873 "," 13,873 "," 55,427 "," 24,650 "
2016-2017,Hobsons Bay City Council,Metropolitan ," 19,330 "," 9,486 "," 9,111 "," 8,184 "," 8,184 "," 37,000 "," 17,295 "
2016-2017,Hume City Council,Metropolitan ," 48,640 "," 14,724 "," 14,123 "," 5,688 "," 5,688 "," 69,052 "," 19,811 "
2016-2017,Kingston City Council,Metropolitan ," 30,635 "," 15,257 "," 14,189 "," 14,986 "," 14,836 "," 60,878 "," 29,025 "
2016-2017,Knox City Council,Metropolitan ," 28,782 "," 16,128 "," 13,515 "," 20,033 "," 20,033 "," 64,943 "," 33,548 "
2016-2017,Manningham City Council,Metropolitan ," 20,946 "," 11,362 "," 11,362 "," 15,764 "," 15,764 "," 48,072 "," 27,126 "
2016-2017,Maribyrnong City Council,Metropolitan ," 17,602 "," 7,528 "," 7,039 "," 2,097 "," 2,097 "," 27,227 "," 9,136 "
2016-2017,Maroondah City Council,Metropolitan ," 20,728 "," 11,576 "," 10,409 "," 13,695 "," 13,695 "," 45,999 "," 24,104 "
2016-2017,Melbourne City Council,Metropolitan ," 25,924 "," 9,533 "," 9,046 ", 89 , 89 ," 35,545 "," 9,135 "
2016-2017,Melton Shire Council,Metropolitan ," 28,522 "," 12,039 "," 12,039 "," 12,406 "," 12,406 "," 52,966 "," 24,445 "
2016-2017,Monash City Council,Metropolitan ," 32,382 "," 15,671 "," 15,671 "," 20,333 "," 20,333 "," 68,386 "," 36,004 "
2016-2017,Moonee Valley City Council,Metropolitan ," 24,457 "," 10,784 "," 10,784 "," 8,582 "," 8,582 "," 43,823 "," 19,366 "
2016-2017,Moreland City Council,Metropolitan ," 30,559 "," 16,545 "," 13,679 "," 10,011 "," 10,011 "," 57,115 "," 23,690 "
2016-2017,Mornington Peninsula Shire Council,Metropolitan ," 31,394 "," 23,155 "," 23,155 "," 9,575 "," 9,575 "," 64,124 "," 32,730 "
2016-2017,Nillumbik Shire Council,Metropolitan ," 7,473 "," 6,689 "," 6,689 "," 7,838 "," 7,838 "," 22,000 "," 14,527 "
2016-2017,Port Phillip City Council,Metropolitan ," 21,556 "," 10,586 "," 9,675 ", -   , -   ," 32,142 "," 9,675 "
2016-2017,Stonnington City Council,Metropolitan ," 22,275 "," 9,715 "," 9,302 "," 3,377 "," 3,377 "," 35,367 "," 12,679 "
2016-2017,Whitehorse City Council,Metropolitan ," 28,565 "," 17,570 "," 15,955 "," 13,251 "," 13,251 "," 59,386 "," 29,206 "
2016-2017,Whittlesea City Council,Metropolitan ," 35,194 "," 15,925 "," 13,475 "," 14,065 "," 14,065 "," 65,184 "," 27,540 "
2016-2017,Wyndham City Council,Metropolitan ," 45,511 "," 20,994 "," 18,356 "," 8,491 "," 8,491 "," 74,996 "," 26,847 "
2016-2017,Yarra City Council,Metropolitan ," 15,678 "," 9,350 "," 8,777 ", 442 , 442 ," 25,470 "," 9,219 "
2016-2017,Yarra Ranges Shire Council,Metropolitan ," 30,400 "," 17,239 "," 16,101 "," 11,383 "," 11,383 "," 59,022 "," 27,484 "
2017-2018,Banyule City Council,Metropolitan ," 21,349 "," 12,881 "," 12,202 "," 9,977 "," 9,977 "," 44,207 "," 22,179 "
2017-2018,Bayside City Council,Metropolitan ," 20,957 "," 10,931 "," 9,550 "," 10,401 "," 10,401 "," 42,289 "," 19,951 "
2017-2018,Boroondara City Council,Metropolitan ," 35,732 "," 17,796 "," 15,376 "," 16,673 "," 16,673 "," 70,201 "," 32,049 "
2017-2018,Brimbank City Council,Metropolitan ," 42,742 "," 16,094 "," 13,875 "," 11,550 "," 11,550 "," 70,386 "," 25,425 "
2017-2018,Cardinia Shire Council,Metropolitan ," 18,843 "," 10,048 "," 8,942 "," 7,080 "," 7,080 "," 35,971 "," 16,023 "
2017-2018,Casey City Council,Metropolitan ," 58,557 "," 27,851 "," 24,868 "," 32,954 "," 32,954 "," 119,362 "," 57,822 "
2017-2018,Darebin City Council,Metropolitan ," 26,133 "," 14,571 "," 13,305 "," 10,710 "," 10,710 "," 51,414 "," 24,015 "
2017-2018,Frankston City Council,Metropolitan ," 25,253 "," 15,173 "," 14,513 "," 13,630 "," 13,630 "," 54,056 "," 28,143 "
2017-2018,Glen Eira City Council,Metropolitan ," 29,979 "," 12,764 "," 11,397 "," 11,502 "," 11,502 "," 54,245 "," 22,899 "
2017-2018,Greater Dandenong City Council,Metropolitan ," 29,799 "," 12,519 "," 10,803 "," 12,694 "," 12,694 "," 55,011 "," 23,497 "
2017-2018,Hobsons Bay City Council,Metropolitan ," 19,272 "," 9,176 "," 8,807 "," 7,411 "," 7,411 "," 35,859 "," 16,218 "
2017-2018,Hume City Council,Metropolitan ," 46,344 "," 17,185 "," 15,307 "," 7,869 "," 7,869 "," 71,398 "," 23,176 "
2017-2018,Kingston City Council,Metropolitan ," 28,789 "," 15,200 "," 13,572 "," 14,816 "," 14,813 "," 58,805 "," 28,385 "
2017-2018,Knox City Council,Metropolitan ," 28,508 "," 15,468 "," 12,374 "," 18,277 "," 18,277 "," 62,253 "," 30,651 "
2017-2018,Manningham City Council,Metropolitan ," 20,535 "," 12,014 "," 11,281 "," 15,095 "," 15,095 "," 47,644 "," 26,375 "
2017-2018,Maribyrnong City Council,Metropolitan ," 19,300 "," 7,428 "," 6,938 "," 2,289 "," 2,289 "," 29,017 "," 9,227 "
2017-2018,Maroondah City Council,Metropolitan ," 20,327 "," 11,225 "," 9,780 "," 12,710 "," 12,710 "," 44,262 "," 22,490 "
2017-2018,Melbourne City Council,Metropolitan ," 29,316 "," 10,719 "," 9,646 ", 124 , 124 ," 40,160 "," 9,770 "
2017-2018,Melton Shire Council,Metropolitan ," 27,200 "," 12,100 "," 10,722 "," 9,800 "," 9,800 "," 49,100 "," 20,522 "
2017-2018,Monash City Council,Metropolitan ," 32,486 "," 14,597 "," 14,159 "," 19,030 "," 19,030 "," 66,113 "," 33,189 "
2017-2018,Moonee Valley City Council,Metropolitan ," 24,950 "," 10,691 "," 9,237 "," 7,347 "," 7,347 "," 42,989 "," 16,585 "
2017-2018,Moreland City Council,Metropolitan ," 30,393 "," 16,214 "," 13,932 "," 8,863 "," 8,863 "," 55,470 "," 22,795 "
2017-2018,Mornington Peninsula Shire Council,Metropolitan ," 31,776 "," 22,966 "," 20,506 "," 12,321 "," 12,321 "," 67,063 "," 32,827 "
2017-2018,Nillumbik Shire Council,Metropolitan ," 7,786 "," 6,852 "," 5,991 "," 6,788 "," 6,788 "," 21,426 "," 12,779 "
2017-2018,Port Phillip City Council,Metropolitan ," 21,014 "," 9,756 "," 8,628 ", -   , -   ," 30,770 "," 8,628 "
2017-2018,Stonnington City Council,Metropolitan ," 22,095 "," 9,315 "," 8,296 "," 3,495 "," 3,495 "," 34,905 "," 11,791 "
2017-2018,Whitehorse City Council,Metropolitan ," 28,223 "," 15,857 "," 14,810 "," 12,711 "," 12,711 "," 56,791 "," 27,521 "
2017-2018,Whittlesea City Council,Metropolitan ," 45,489 "," 13,488 "," 10,618 "," 13,064 "," 13,064 "," 72,041 "," 23,682 "
2017-2018,Wyndham City Council,Metropolitan ," 47,200 "," 18,092 "," 16,154 "," 8,129 "," 8,129 "," 73,421 "," 24,283 "
2017-2018,Yarra City Council,Metropolitan ," 15,452 "," 9,150 "," 8,546 ", 487 , 487 ," 25,089 "," 9,033 "
2017-2018,Yarra Ranges Shire Council,Metropolitan ," 30,154 "," 17,045 "," 15,920 "," 11,273 "," 11,273 "," 58,472 "," 27,193 "
2018-2019,Banyule City Council,Metropolitan ," 20,742 "," 11,729 "," 10,955 "," 9,064 "," 9,064 "," 41,535 "," 20,019 "
2018-2019,Bayside City Council,Metropolitan ," 20,131 "," 10,710 "," 9,521 "," 10,295 "," 10,295 "," 41,136 "," 19,816 "
2018-2019,Boroondara City Council,Metropolitan ," 35,798 "," 21,245 "," 19,006 "," 15,416 "," 15,416 "," 72,459 "," 34,421 "
2018-2019,Brimbank City Council,Metropolitan ," 42,742 "," 16,706 "," 12,805 "," 11,156 "," 11,156 "," 70,604 "," 23,961 "
2018-2019,Cardinia Shire Council,Metropolitan ," 19,852 "," 9,459 "," 8,521 "," 7,256 "," 7,256 "," 36,567 "," 15,777 "
2018-2019,Casey City Council,Metropolitan ," 61,906 "," 27,111 "," 25,362 "," 32,039 "," 32,039 "," 121,056 "," 57,401 "
2018-2019,Darebin City Council,Metropolitan ," 25,826 "," 13,388 "," 12,049 "," 12,343 "," 12,343 "," 51,557 "," 24,392 "
2018-2019,Frankston City Council,Metropolitan ," 24,796 "," 14,942 "," 14,292 "," 13,550 "," 13,550 "," 53,288 "," 27,842 "
2018-2019,Glen Eira City Council,Metropolitan ," 27,933 "," 12,436 "," 11,114 "," 11,575 "," 11,575 "," 51,944 "," 22,689 "
2018-2019,Greater Dandenong City Council,Metropolitan ," 29,222 "," 13,193 "," 11,762 "," 12,346 "," 12,346 "," 54,762 "," 24,108 "
2018-2019,Hobsons Bay City Council,Metropolitan ," 19,565 "," 8,281 "," 7,940 "," 6,702 "," 6,702 "," 34,548 "," 14,642 "
2018-2019,Hume City Council,Metropolitan ," 47,386 "," 15,083 "," 13,280 "," 7,408 "," 7,408 "," 69,877 "," 20,688 "
2018-2019,Kingston City Council,Metropolitan ," 28,765 "," 14,445 "," 12,929 "," 14,074 "," 14,069 "," 57,284 "," 26,998 "
2018-2019,Knox City Council,Metropolitan ," 28,032 "," 15,034 "," 14,042 "," 18,090 "," 18,090 "," 61,156 "," 32,132 "
2018-2019,Manningham City Council,Metropolitan ," 19,649 "," 10,513 "," 9,835 "," 14,045 "," 14,045 "," 44,207 "," 23,881 "
2018-2019,Maribyrnong City Council,Metropolitan ," 18,705 "," 7,234 "," 6,607 "," 1,983 "," 1,983 "," 27,922 "," 8,590 "
2018-2019,Maroondah City Council,Metropolitan ," 20,123 "," 11,010 "," 9,790 "," 12,293 "," 12,293 "," 43,426 "," 22,083 "
2018-2019,Melbourne City Council,Metropolitan ," 30,183 "," 11,510 "," 10,129 ", 98 , 98 ," 41,790 "," 10,227 "
2018-2019,Melton Shire Council,Metropolitan ," 30,000 "," 12,200 "," 10,220 "," 7,000 "," 7,000 "," 49,200 "," 17,220 "
2018-2019,Monash City Council,Metropolitan ," 31,697 "," 14,378 "," 13,371 "," 17,668 "," 17,668 "," 63,743 "," 31,039 "
2018-2019,Moonee Valley City Council,Metropolitan ," 24,081 "," 9,891 "," 9,239 "," 6,918 "," 6,918 "," 40,890 "," 16,157 "
2018-2019,Moreland City Council,Metropolitan ," 29,571 "," 15,412 "," 14,395 "," 7,771 "," 7,771 "," 52,754 "," 22,166 "
2018-2019,Mornington Peninsula Shire Council,Metropolitan ," 31,049 "," 18,460 "," 15,618 "," 13,285 "," 13,285 "," 62,794 "," 28,902 "
2018-2019,Nillumbik Shire Council,Metropolitan ," 8,059 "," 5,438 "," 4,699 "," 6,234 "," 6,234 "," 19,731 "," 10,933 "
2018-2019,Port Phillip City Council,Metropolitan ," 20,700 "," 8,529 "," 7,676 ", -   , -   ," 29,229 "," 7,676 "
2018-2019,Stonnington City Council,Metropolitan ," 20,650 "," 7,717 "," 6,893 "," 3,377 "," 3,377 "," 31,744 "," 10,270 "
2018-2019,Whitehorse City Council,Metropolitan ," 27,288 "," 15,334 "," 14,322 "," 12,458 "," 12,458 "," 55,080 "," 26,780 "
2018-2019,Whittlesea City Council,Metropolitan ," 54,408 "," 15,339 "," 12,483 "," 11,762 "," 11,762 "," 81,509 "," 24,245 "
2018-2019,Wyndham City Council,Metropolitan ," 48,477 "," 18,200 "," 16,999 "," 7,817 "," 7,817 "," 74,494 "," 24,816 "
2018-2019,Yarra City Council,Metropolitan ," 14,428 "," 8,070 "," 7,021 ", 540 , 540 ," 23,038 "," 7,561 "
2018-2019,Yarra Ranges Shire Council,Metropolitan ," 29,308 "," 16,782 "," 15,677 "," 11,544 "," 11,544 "," 57,634 "," 27,221 "
